<?xml version="1.0" encoding="UTF-8"?>  
<beans  
    xmlns="http://www.springframework.org/schema/beans"  
    xmlns:xsi="http://www.w3.org/2001/XMLSchema-instance"  
    xmlns:p="http://www.springframework.org/schema/p"  
    xsi:schemaLocation="http://www.springframework.org/schema/beans   
http://www.springframework.org/schema/beans/spring-beans-3.0.xsd">  
  
<bean id="answer1" class="Answer">  
<constructor-arg value="1234"></constructor-arg>  
<constructor-arg value="Bangalore"></constructor-arg>  
<constructor-arg value="5000"></constructor-arg>  
</bean>  

  
<bean id="user1" class="User">  
<constructor-arg value="Finance"></constructor-arg>  
<constructor-arg value="Bangalore"></constructor-arg>  
<constructor-arg value="Pune"></constructor-arg>  
</bean>  

  
<bean id="q" class="Question">  
<constructor-arg value="100"></constructor-arg>  
<constructor-arg value="Pooja"></constructor-arg>  
<constructor-arg value="SBI"></constructor-arg>  
<constructor-arg value="Finance"></constructor-arg>  
<constructor-arg>  
<map>  
<entry key-ref="answer1" value-ref="user1"></entry>  

</map>  
</constructor-arg>  
</bean>  
  
</beans>  